ewarren,2019-08-21 02:00:53,b'The Bailey bandana is my favorite! #TeamWarren https://t.co/k9Ghli5dER'

ewarren,2019-08-21 01:36:51,b'I love it! https://t.co/E4ExZZnW69'

ewarren,2019-08-21 01:09:53,"b""It would've been even better if she\xe2\x80\x99d brought her own Bailey! https://t.co/nD4k7YCu5u"""

ewarren,2019-08-21 00:25:05,"b""Donald Trump and his team have hurt the economy, and now they can't get their stories straight on half-baked ideas to clean up the mess they caused. If they want an actual plan for how to avert another economic downturn, they should read mine. https://t.co/sU9KGAn6Rr https://t.co/IVCXhiaeQq"""

ewarren,2019-08-20 23:13:32,b'The period after release from prison is challenging. I was honored to talk to @BetterFuturesMN about my plan to reform our criminal justice system and learn about the important work they do to help returning citizens with re-entry. https://t.co/kfAVgNbpI8'

ewarren,2019-08-20 22:50:02,"b'@MsLisaHendricks Happy birthday, Lisa! Let\xe2\x80\x99s dream big and fight hard together so that your birthday wish comes true.'"

ewarren,2019-08-20 22:46:17,"b'@delegateguzman Persist, @DelegateGuzman!'"
